{
  "Request Writer" : {
    "transaction" : "Request Writer",
    "sampleCount" : 125,
    "errorCount" : 0,
    "errorPct" : 0.0,
    "meanResTime" : 683.4159999999999,
    "medianResTime" : 448.0,
    "minResTime" : 109.0,
    "maxResTime" : 9153.0,
    "pct1ResTime" : 1219.2000000000007,
    "pct2ResTime" : 2268.1,
    "pct3ResTime" : 7823.359999999973,
    "throughput" : 3.334667200213419,
    "receivedKBytesPerSec" : 227.56967370281447,
    "sentKBytesPerSec" : 0.4493985094037615
  },
  "Total" : {
    "transaction" : "Total",
    "sampleCount" : 375,
    "errorCount" : 1,
    "errorPct" : 0.26666668,
    "meanResTime" : 11179.109333333336,
    "medianResTime" : 8507.0,
    "minResTime" : 109.0,
    "maxResTime" : 49947.0,
    "pct1ResTime" : 27164.2,
    "pct2ResTime" : 32251.799999999996,
    "pct3ResTime" : 41991.920000000006,
    "throughput" : 7.0048940860014195,
    "receivedKBytesPerSec" : 3837.3227178055067,
    "sentKBytesPerSec" : 0.8870859231983412
  },
  "Request Wafilife_Book" : {
    "transaction" : "Request Wafilife_Book",
    "sampleCount" : 125,
    "errorCount" : 0,
    "errorPct" : 0.0,
    "meanResTime" : 17587.2,
    "medianResTime" : 17512.0,
    "minResTime" : 758.0,
    "maxResTime" : 38583.0,
    "pct1ResTime" : 29024.000000000007,
    "pct2ResTime" : 32135.7,
    "pct3ResTime" : 37865.65999999999,
    "throughput" : 2.4855341910083313,
    "receivedKBytesPerSec" : 2757.670455604631,
    "sentKBytesPerSec" : 0.3179736123262612
  },
  "Request Wafilife" : {
    "transaction" : "Request Wafilife",
    "sampleCount" : 125,
    "errorCount" : 1,
    "errorPct" : 0.8,
    "meanResTime" : 15266.712000000003,
    "medianResTime" : 11408.0,
    "minResTime" : 1013.0,
    "maxResTime" : 49947.0,
    "pct1ResTime" : 33545.000000000015,
    "pct2ResTime" : 40595.6,
    "pct3ResTime" : 48587.45999999997,
    "throughput" : 2.375838671050881,
    "receivedKBytesPerSec" : 1106.3953827654286,
    "sentKBytesPerSec" : 0.27849283922224544
  }
}